id,user_id,visited_url,timestamp
3821,user_1,/blog/13/,2023-08-16 10:38:03.425503
3822,user_1,/blog/1/,2023-08-16 10:38:03.470507
3823,user_1,/blog/8/,2023-08-16 10:38:03.513508
3824,user_1,/blog/14/,2023-08-16 10:38:03.557506
3825,user_1,/blog/13/,2023-08-16 10:38:03.596510
3826,user_1,/blog/8/,2023-08-16 10:38:03.631508
3827,user_1,/blog/7/,2023-08-16 10:38:03.667502
3828,user_1,/blog/2/,2023-08-16 10:38:03.702502
3829,user_1,/blog/10/,2023-08-16 10:38:03.736502
3830,user_1,/blog/6/,2023-08-16 10:38:03.773501
3831,user_1,/blog/14/,2023-08-16 10:38:03.808505
3832,user_1,/blog/12/,2023-08-16 10:38:03.843501
3833,user_1,/blog/9/,2023-08-16 10:38:03.876507
3834,user_1,/blog/9/,2023-08-16 10:38:03.910501
3835,user_1,/blog/1/,2023-08-16 10:38:03.943502
3836,user_1,/blog/14/,2023-08-16 10:38:03.980504
3837,user_1,/blog/12/,2023-08-16 10:38:04.013136
3838,user_1,/blog/2/,2023-08-16 10:38:04.048118
3839,user_1,/blog/3/,2023-08-16 10:38:04.081123
3840,user_1,/blog/11/,2023-08-16 10:38:04.111117
3841,user_1,/blog/5/,2023-08-16 10:38:04.147118
3842,user_1,/blog/9/,2023-08-16 10:38:04.184120
3843,user_1,/blog/7/,2023-08-16 10:38:04.219120
3844,user_1,/blog/3/,2023-08-16 10:38:04.252118
3845,user_1,/blog/14/,2023-08-16 10:38:04.284120
3846,user_1,/blog/5/,2023-08-16 10:38:04.323116
3847,user_1,/blog/9/,2023-08-16 10:38:04.361119
3848,user_1,/blog/9/,2023-08-16 10:38:04.401119
3849,user_1,/blog/7/,2023-08-16 10:38:04.440118
3850,user_1,/blog/6/,2023-08-16 10:38:04.482117
3851,user_1,/blog/4/,2023-08-16 10:38:04.529118
3852,user_1,/blog/2/,2023-08-16 10:38:04.576115
3853,user_1,/blog/2/,2023-08-16 10:38:04.622115
3854,user_1,/blog/5/,2023-08-16 10:38:04.661122
3855,user_1,/blog/9/,2023-08-16 10:38:04.701125
3856,user_1,/blog/5/,2023-08-16 10:38:04.737120
3857,user_1,/blog/12/,2023-08-16 10:38:04.773115
3858,user_1,/blog/13/,2023-08-16 10:38:04.806123
3859,user_1,/blog/7/,2023-08-16 10:38:04.841115
3860,user_1,/blog/13/,2023-08-16 10:38:04.876121
3861,user_1,/blog/2/,2023-08-16 10:38:04.909116
3862,user_1,/blog/7/,2023-08-16 10:38:04.943120
3863,user_1,/blog/1/,2023-08-16 10:38:04.980118
3864,user_1,/blog/6/,2023-08-16 10:38:05.020118
3865,user_1,/blog/7/,2023-08-16 10:38:05.062116
3866,user_1,/blog/13/,2023-08-16 10:38:05.094120
3867,user_1,/blog/9/,2023-08-16 10:38:05.126115
3868,user_1,/blog/13/,2023-08-16 10:38:05.159116
3869,user_1,/blog/7/,2023-08-16 10:38:05.196725
3870,user_1,/blog/8/,2023-08-16 10:38:05.229731
3871,user_1,/blog/3/,2023-08-16 10:38:05.264730
3872,user_1,/blog/9/,2023-08-16 10:38:05.300728
3873,user_1,/blog/9/,2023-08-16 10:38:05.334730
3874,user_1,/blog/7/,2023-08-16 10:38:05.368730
3875,user_1,/blog/2/,2023-08-16 10:38:05.404730
3876,user_1,/blog/11/,2023-08-16 10:38:05.437725
3877,user_1,/blog/5/,2023-08-16 10:38:05.472729
3878,user_1,/blog/3/,2023-08-16 10:38:05.510733
3879,user_1,/blog/13/,2023-08-16 10:38:05.552727
3880,user_1,/blog/13/,2023-08-16 10:38:05.591726
3881,user_1,/blog/7/,2023-08-16 10:38:05.630730
3882,user_1,/blog/11/,2023-08-16 10:38:05.663730
3883,user_1,/blog/10/,2023-08-16 10:38:05.699729
3884,user_1,/blog/10/,2023-08-16 10:38:05.740728
3885,user_1,/blog/14/,2023-08-16 10:38:05.779727
3886,user_1,/blog/7/,2023-08-16 10:38:05.817734
3887,user_1,/blog/13/,2023-08-16 10:38:05.859730
3888,user_1,/blog/3/,2023-08-16 10:38:05.902726
3889,user_1,/blog/4/,2023-08-16 10:38:06.523729
3890,user_1,/blog/10/,2023-08-16 10:38:06.556730
3891,user_1,/blog/9/,2023-08-16 10:38:06.589728
3892,user_1,/blog/6/,2023-08-16 10:38:06.624726
3893,user_1,/blog/5/,2023-08-16 10:38:06.664727
3894,user_1,/blog/3/,2023-08-16 10:38:06.696733
3895,user_1,/blog/11/,2023-08-16 10:38:06.729732
3896,user_1,/blog/14/,2023-08-16 10:38:06.765727
3897,user_1,/blog/14/,2023-08-16 10:38:06.809725
3898,user_1,/blog/2/,2023-08-16 10:38:06.849726
3899,user_1,/blog/13/,2023-08-16 10:38:06.883738
3900,user_1,/blog/6/,2023-08-16 10:38:06.918727
3901,user_1,/blog/5/,2023-08-16 10:38:06.953724
3902,user_1,/blog/12/,2023-08-16 10:38:06.994728
3903,user_1,/blog/14/,2023-08-16 10:38:07.042728
3904,user_1,/blog/6/,2023-08-16 10:38:07.090731
3905,user_1,/blog/8/,2023-08-16 10:38:07.133730
3906,user_1,/blog/13/,2023-08-16 10:38:07.177729
3907,user_1,/blog/3/,2023-08-16 10:38:07.220729
3908,user_1,/blog/8/,2023-08-16 10:38:07.270542
3909,user_1,/blog/1/,2023-08-16 10:38:07.316888
3910,user_1,/blog/2/,2023-08-16 10:38:07.358878
3911,user_1,/blog/1/,2023-08-16 10:38:07.394879
3912,user_1,/blog/3/,2023-08-16 10:38:07.430884
3913,user_1,/blog/9/,2023-08-16 10:38:07.471207
3914,user_1,/blog/12/,2023-08-16 10:38:07.508214
3915,user_1,/blog/6/,2023-08-16 10:38:07.542211
3916,user_1,/blog/3/,2023-08-16 10:38:07.582218
3917,user_1,/blog/3/,2023-08-16 10:38:07.627851
3918,user_1,/blog/7/,2023-08-16 10:38:07.683850
3919,user_1,/blog/13/,2023-08-16 10:38:07.727847
3920,user_1,/blog/1/,2023-08-16 10:38:07.766853
3921,user_2,/blog/13/,2023-08-16 10:38:07.800846
3922,user_2,/blog/4/,2023-08-16 10:38:07.840852
3923,user_2,/blog/6/,2023-08-16 10:38:07.874846
3924,user_2,/blog/8/,2023-08-16 10:38:07.909844
3925,user_2,/blog/2/,2023-08-16 10:38:07.944844
3926,user_2,/blog/12/,2023-08-16 10:38:07.976844
3927,user_2,/blog/4/,2023-08-16 10:38:08.012854
3928,user_2,/blog/9/,2023-08-16 10:38:08.048395
3929,user_2,/blog/2/,2023-08-16 10:38:08.081389
3930,user_2,/blog/11/,2023-08-16 10:38:08.119393
3931,user_2,/blog/7/,2023-08-16 10:38:08.161390
3932,user_2,/blog/12/,2023-08-16 10:38:08.200316
3933,user_2,/blog/2/,2023-08-16 10:38:08.237317
3934,user_2,/blog/8/,2023-08-16 10:38:08.272318
3935,user_2,/blog/1/,2023-08-16 10:38:08.308317
3936,user_2,/blog/9/,2023-08-16 10:38:08.354314
3937,user_2,/blog/12/,2023-08-16 10:38:08.396318
3938,user_2,/blog/1/,2023-08-16 10:38:08.437440
3939,user_2,/blog/14/,2023-08-16 10:38:08.480447
3940,user_2,/blog/7/,2023-08-16 10:38:08.521442
3941,user_2,/blog/2/,2023-08-16 10:38:08.563446
3942,user_2,/blog/8/,2023-08-16 10:38:08.607883
3943,user_2,/blog/13/,2023-08-16 10:38:08.655889
3944,user_2,/blog/1/,2023-08-16 10:38:08.699888
3945,user_2,/blog/6/,2023-08-16 10:38:08.740881
3946,user_2,/blog/10/,2023-08-16 10:38:08.781883
3947,user_2,/blog/11/,2023-08-16 10:38:08.820884
3948,user_2,/blog/5/,2023-08-16 10:38:08.858704
3949,user_2,/blog/5/,2023-08-16 10:38:08.897708
3950,user_2,/blog/4/,2023-08-16 10:38:08.937705
3951,user_2,/blog/4/,2023-08-16 10:38:08.977053
3952,user_2,/blog/10/,2023-08-16 10:38:09.013057
3953,user_2,/blog/2/,2023-08-16 10:38:09.054051
3954,user_2,/blog/13/,2023-08-16 10:38:09.092054
3955,user_2,/blog/14/,2023-08-16 10:38:09.132050
3956,user_2,/blog/11/,2023-08-16 10:38:09.176052
3957,user_2,/blog/6/,2023-08-16 10:38:09.220052
3958,user_2,/blog/13/,2023-08-16 10:38:09.260740
3959,user_2,/blog/12/,2023-08-16 10:38:09.296092
3960,user_2,/blog/1/,2023-08-16 10:38:09.332661
3961,user_2,/blog/6/,2023-08-16 10:38:09.371662
3962,user_2,/blog/10/,2023-08-16 10:38:09.412338
3963,user_2,/blog/7/,2023-08-16 10:38:09.452340
3964,user_2,/blog/5/,2023-08-16 10:38:09.490352
3965,user_2,/blog/7/,2023-08-16 10:38:09.532336
3966,user_2,/blog/2/,2023-08-16 10:38:09.573340
3967,user_2,/blog/4/,2023-08-16 10:38:09.612337
3968,user_2,/blog/8/,2023-08-16 10:38:09.653338
3969,user_2,/blog/10/,2023-08-16 10:38:09.696344
3970,user_2,/blog/13/,2023-08-16 10:38:09.738339
3971,user_2,/blog/6/,2023-08-16 10:38:09.781338
3972,user_2,/blog/9/,2023-08-16 10:38:09.822339
3973,user_2,/blog/12/,2023-08-16 10:38:09.864339
3974,user_2,/blog/2/,2023-08-16 10:38:09.915707
3975,user_2,/blog/7/,2023-08-16 10:38:09.963702
3976,user_2,/blog/4/,2023-08-16 10:38:10.009697
3977,user_2,/blog/6/,2023-08-16 10:38:10.060695
3978,user_2,/blog/4/,2023-08-16 10:38:10.105695
3979,user_2,/blog/12/,2023-08-16 10:38:10.149700
3980,user_2,/blog/5/,2023-08-16 10:38:10.227698
3981,user_2,/blog/5/,2023-08-16 10:38:10.282700
3982,user_2,/blog/3/,2023-08-16 10:38:10.334703
3983,user_2,/blog/7/,2023-08-16 10:38:10.383700
3984,user_2,/blog/10/,2023-08-16 10:38:10.441693
3985,user_2,/blog/8/,2023-08-16 10:38:10.486696
3986,user_2,/blog/13/,2023-08-16 10:38:10.531703
3987,user_2,/blog/6/,2023-08-16 10:38:10.577693
3988,user_2,/blog/14/,2023-08-16 10:38:10.620699
3989,user_2,/blog/2/,2023-08-16 10:38:10.664696
3990,user_2,/blog/4/,2023-08-16 10:38:10.708700
3991,user_2,/blog/5/,2023-08-16 10:38:10.754694
3992,user_2,/blog/12/,2023-08-16 10:38:10.802696
3993,user_2,/blog/7/,2023-08-16 10:38:10.860698
3994,user_2,/blog/10/,2023-08-16 10:38:10.909700
3995,user_2,/blog/12/,2023-08-16 10:38:10.950693
3996,user_2,/blog/5/,2023-08-16 10:38:10.993695
3997,user_2,/blog/4/,2023-08-16 10:38:11.032693
3998,user_2,/blog/4/,2023-08-16 10:38:11.073699
3999,user_2,/blog/6/,2023-08-16 10:38:11.116695
4000,user_2,/blog/14/,2023-08-16 10:38:11.160699
4001,user_2,/blog/7/,2023-08-16 10:38:11.205695
4002,user_2,/blog/9/,2023-08-16 10:38:11.251694
4003,user_2,/blog/2/,2023-08-16 10:38:11.295699
4004,user_2,/blog/12/,2023-08-16 10:38:11.342703
4005,user_2,/blog/9/,2023-08-16 10:38:11.388697
4006,user_2,/blog/12/,2023-08-16 10:38:11.433695
4007,user_2,/blog/3/,2023-08-16 10:38:11.476692
4008,user_2,/blog/13/,2023-08-16 10:38:11.515693
4009,user_2,/blog/14/,2023-08-16 10:38:11.553694
4010,user_2,/blog/14/,2023-08-16 10:38:11.595694
4011,user_2,/blog/1/,2023-08-16 10:38:11.639696
4012,user_2,/blog/8/,2023-08-16 10:38:11.686698
4013,user_2,/blog/7/,2023-08-16 10:38:11.721694
4014,user_2,/blog/12/,2023-08-16 10:38:11.754698
4015,user_2,/blog/4/,2023-08-16 10:38:11.788697
4016,user_2,/blog/11/,2023-08-16 10:38:11.833702
4017,user_2,/blog/8/,2023-08-16 10:38:11.887700
4018,user_2,/blog/3/,2023-08-16 10:38:11.932693
4019,user_2,/blog/13/,2023-08-16 10:38:11.973692
4020,user_2,/blog/13/,2023-08-16 10:38:12.014696
4021,user_3,/blog/8/,2023-08-16 10:38:12.055696
4022,user_3,/blog/12/,2023-08-16 10:38:12.099694
4023,user_3,/blog/12/,2023-08-16 10:38:12.139697
4024,user_3,/blog/13/,2023-08-16 10:38:12.181696
4025,user_3,/blog/5/,2023-08-16 10:38:12.222697
4026,user_3,/blog/4/,2023-08-16 10:38:12.261692
4027,user_3,/blog/14/,2023-08-16 10:38:12.301696
4028,user_3,/blog/14/,2023-08-16 10:38:12.341698
4029,user_3,/blog/5/,2023-08-16 10:38:12.394695
4030,user_3,/blog/13/,2023-08-16 10:38:12.438703
4031,user_3,/blog/4/,2023-08-16 10:38:12.479697
4032,user_3,/blog/2/,2023-08-16 10:38:12.520698
4033,user_3,/blog/2/,2023-08-16 10:38:12.562691
4034,user_3,/blog/12/,2023-08-16 10:38:12.603693
4035,user_3,/blog/6/,2023-08-16 10:38:12.644695
4036,user_3,/blog/9/,2023-08-16 10:38:12.686695
4037,user_3,/blog/11/,2023-08-16 10:38:12.731696
4038,user_3,/blog/13/,2023-08-16 10:38:12.780705
4039,user_3,/blog/9/,2023-08-16 10:38:12.829698
4040,user_3,/blog/10/,2023-08-16 10:38:12.875696
4041,user_3,/blog/12/,2023-08-16 10:38:12.924694
4042,user_3,/blog/1/,2023-08-16 10:38:12.967693
4043,user_3,/blog/1/,2023-08-16 10:38:13.005692
4044,user_3,/blog/5/,2023-08-16 10:38:13.041700
4045,user_3,/blog/7/,2023-08-16 10:38:13.076697
4046,user_3,/blog/1/,2023-08-16 10:38:13.116696
4047,user_3,/blog/4/,2023-08-16 10:38:13.154694
4048,user_3,/blog/9/,2023-08-16 10:38:13.194699
4049,user_3,/blog/11/,2023-08-16 10:38:13.249705
4050,user_3,/blog/2/,2023-08-16 10:38:13.301700
4051,user_3,/blog/7/,2023-08-16 10:38:13.347698
4052,user_3,/blog/4/,2023-08-16 10:38:13.390694
4053,user_3,/blog/6/,2023-08-16 10:38:13.433698
4054,user_3,/blog/9/,2023-08-16 10:38:13.476697
4055,user_3,/blog/8/,2023-08-16 10:38:13.523709
4056,user_3,/blog/14/,2023-08-16 10:38:13.574702
4057,user_3,/blog/6/,2023-08-16 10:38:13.621698
4058,user_3,/blog/1/,2023-08-16 10:38:13.670694
4059,user_3,/blog/12/,2023-08-16 10:38:13.721694
4060,user_3,/blog/5/,2023-08-16 10:38:13.766694
4061,user_3,/blog/8/,2023-08-16 10:38:13.810702
4062,user_3,/blog/14/,2023-08-16 10:38:13.854695
4063,user_3,/blog/13/,2023-08-16 10:38:13.897695
4064,user_3,/blog/8/,2023-08-16 10:38:13.937696
4065,user_3,/blog/2/,2023-08-16 10:38:13.988700
4066,user_3,/blog/12/,2023-08-16 10:38:14.030693
4067,user_3,/blog/11/,2023-08-16 10:38:14.071700
4068,user_3,/blog/12/,2023-08-16 10:38:14.113698
4069,user_3,/blog/5/,2023-08-16 10:38:14.157704
4070,user_3,/blog/9/,2023-08-16 10:38:14.194694
4071,user_3,/blog/6/,2023-08-16 10:38:14.235695
4072,user_3,/blog/11/,2023-08-16 10:38:14.271694
4073,user_3,/blog/7/,2023-08-16 10:38:14.307696
4074,user_3,/blog/8/,2023-08-16 10:38:14.349691
4075,user_3,/blog/1/,2023-08-16 10:38:14.388698
4076,user_3,/blog/8/,2023-08-16 10:38:14.427694
4077,user_3,/blog/14/,2023-08-16 10:38:14.463700
4078,user_3,/blog/3/,2023-08-16 10:38:14.505703
4079,user_3,/blog/2/,2023-08-16 10:38:14.548694
4080,user_3,/blog/4/,2023-08-16 10:38:14.586697
4081,user_3,/blog/2/,2023-08-16 10:38:14.625696
4082,user_3,/blog/3/,2023-08-16 10:38:14.664698
4083,user_3,/blog/13/,2023-08-16 10:38:14.700698
4084,user_3,/blog/2/,2023-08-16 10:38:14.737697
4085,user_3,/blog/1/,2023-08-16 10:38:14.768700
4086,user_3,/blog/1/,2023-08-16 10:38:14.803695
4087,user_3,/blog/7/,2023-08-16 10:38:14.836694
4088,user_3,/blog/14/,2023-08-16 10:38:14.869693
4089,user_3,/blog/4/,2023-08-16 10:38:14.911700
4090,user_3,/blog/9/,2023-08-16 10:38:14.951700
4091,user_3,/blog/2/,2023-08-16 10:38:14.984693
4092,user_3,/blog/4/,2023-08-16 10:38:15.025703
4093,user_3,/blog/14/,2023-08-16 10:38:15.067696
4094,user_3,/blog/11/,2023-08-16 10:38:15.103693
4095,user_3,/blog/2/,2023-08-16 10:38:15.141696
4096,user_3,/blog/1/,2023-08-16 10:38:15.182701
4097,user_3,/blog/11/,2023-08-16 10:38:15.226705
4098,user_3,/blog/12/,2023-08-16 10:38:15.267701
4099,user_3,/blog/10/,2023-08-16 10:38:15.311695
4100,user_3,/blog/7/,2023-08-16 10:38:15.354695
4101,user_3,/blog/7/,2023-08-16 10:38:15.398700
4102,user_3,/blog/11/,2023-08-16 10:38:15.443696
4103,user_3,/blog/3/,2023-08-16 10:38:15.490692
4104,user_3,/blog/7/,2023-08-16 10:38:15.539697
4105,user_3,/blog/14/,2023-08-16 10:38:15.585696
4106,user_3,/blog/11/,2023-08-16 10:38:15.627700
4107,user_3,/blog/9/,2023-08-16 10:38:15.671689
4108,user_3,/blog/3/,2023-08-16 10:38:15.717699
4109,user_3,/blog/10/,2023-08-16 10:38:15.759691
4110,user_3,/blog/12/,2023-08-16 10:38:15.803698
4111,user_3,/blog/8/,2023-08-16 10:38:15.844692
4112,user_3,/blog/7/,2023-08-16 10:38:15.899697
4113,user_3,/blog/9/,2023-08-16 10:38:15.941699
4114,user_3,/blog/1/,2023-08-16 10:38:15.981695
4115,user_3,/blog/14/,2023-08-16 10:38:16.028705
4116,user_3,/blog/9/,2023-08-16 10:38:16.074694
4117,user_3,/blog/7/,2023-08-16 10:38:16.117694
4118,user_3,/blog/14/,2023-08-16 10:38:16.152691
4119,user_3,/blog/9/,2023-08-16 10:38:16.186695
4120,user_3,/blog/10/,2023-08-16 10:38:16.224695
4121,user_4,/blog/5/,2023-08-16 10:38:16.265693
4122,user_4,/blog/10/,2023-08-16 10:38:16.303705
4123,user_4,/blog/11/,2023-08-16 10:38:16.344705
4124,user_4,/blog/13/,2023-08-16 10:38:16.385696
4125,user_4,/blog/3/,2023-08-16 10:38:16.430699
4126,user_4,/blog/5/,2023-08-16 10:38:16.475695
4127,user_4,/blog/5/,2023-08-16 10:38:16.515701
4128,user_4,/blog/11/,2023-08-16 10:38:16.559699
4129,user_4,/blog/10/,2023-08-16 10:38:16.604695
4130,user_4,/blog/14/,2023-08-16 10:38:16.649705
4131,user_4,/blog/2/,2023-08-16 10:38:16.692695
4132,user_4,/blog/11/,2023-08-16 10:38:16.732708
4133,user_4,/blog/7/,2023-08-16 10:38:16.779693
4134,user_4,/blog/3/,2023-08-16 10:38:16.819692
4135,user_4,/blog/4/,2023-08-16 10:38:16.863693
4136,user_4,/blog/7/,2023-08-16 10:38:16.900698
4137,user_4,/blog/6/,2023-08-16 10:38:16.943696
4138,user_4,/blog/8/,2023-08-16 10:38:16.981693
4139,user_4,/blog/2/,2023-08-16 10:38:17.017695
4140,user_4,/blog/2/,2023-08-16 10:38:17.054694
4141,user_4,/blog/7/,2023-08-16 10:38:17.107700
4142,user_4,/blog/6/,2023-08-16 10:38:17.150703
4143,user_4,/blog/5/,2023-08-16 10:38:17.190698
4144,user_4,/blog/2/,2023-08-16 10:38:17.236695
4145,user_4,/blog/7/,2023-08-16 10:38:17.277695
4146,user_4,/blog/11/,2023-08-16 10:38:17.322700
4147,user_4,/blog/12/,2023-08-16 10:38:17.364704
4148,user_4,/blog/9/,2023-08-16 10:38:17.408693
4149,user_4,/blog/4/,2023-08-16 10:38:17.449698
4150,user_4,/blog/13/,2023-08-16 10:38:17.492698
4151,user_4,/blog/13/,2023-08-16 10:38:17.533693
4152,user_4,/blog/2/,2023-08-16 10:38:17.577700
4153,user_4,/blog/10/,2023-08-16 10:38:17.625703
4154,user_4,/blog/4/,2023-08-16 10:38:17.669693
4155,user_4,/blog/5/,2023-08-16 10:38:17.712697
4156,user_4,/blog/1/,2023-08-16 10:38:17.746703
4157,user_4,/blog/13/,2023-08-16 10:38:17.783695
4158,user_4,/blog/11/,2023-08-16 10:38:17.820698
4159,user_4,/blog/14/,2023-08-16 10:38:17.866696
4160,user_4,/blog/5/,2023-08-16 10:38:17.909700
4161,user_4,/blog/6/,2023-08-16 10:38:17.952698
4162,user_4,/blog/14/,2023-08-16 10:38:17.996696
4163,user_4,/blog/9/,2023-08-16 10:38:18.038693
4164,user_4,/blog/8/,2023-08-16 10:38:18.081704
4165,user_4,/blog/13/,2023-08-16 10:38:18.127699
4166,user_4,/blog/12/,2023-08-16 10:38:18.176699
4167,user_4,/blog/2/,2023-08-16 10:38:18.225689
4168,user_4,/blog/1/,2023-08-16 10:38:18.272691
4169,user_4,/blog/8/,2023-08-16 10:38:18.316693
4170,user_4,/blog/13/,2023-08-16 10:38:18.364699
4171,user_4,/blog/1/,2023-08-16 10:38:18.413693
4172,user_4,/blog/3/,2023-08-16 10:38:18.463700
4173,user_4,/blog/8/,2023-08-16 10:38:18.505694
4174,user_4,/blog/10/,2023-08-16 10:38:18.543698
4175,user_4,/blog/2/,2023-08-16 10:38:18.588697
4176,user_4,/blog/13/,2023-08-16 10:38:18.631714
4177,user_4,/blog/8/,2023-08-16 10:38:18.669694
4178,user_4,/blog/12/,2023-08-16 10:38:18.716692
4179,user_4,/blog/6/,2023-08-16 10:38:18.759692
4180,user_4,/blog/1/,2023-08-16 10:38:18.809702
4181,user_4,/blog/4/,2023-08-16 10:38:18.890693
4182,user_4,/blog/3/,2023-08-16 10:38:18.936705
4183,user_4,/blog/5/,2023-08-16 10:38:18.982694
4184,user_4,/blog/10/,2023-08-16 10:38:19.026692
4185,user_4,/blog/6/,2023-08-16 10:38:19.071692
4186,user_4,/blog/3/,2023-08-16 10:38:19.116699
4187,user_4,/blog/7/,2023-08-16 10:38:19.162697
4188,user_4,/blog/5/,2023-08-16 10:38:19.210696
4189,user_4,/blog/8/,2023-08-16 10:38:19.262703
4190,user_4,/blog/7/,2023-08-16 10:38:19.307694
4191,user_4,/blog/2/,2023-08-16 10:38:19.352695
4192,user_4,/blog/4/,2023-08-16 10:38:19.402693
4193,user_4,/blog/7/,2023-08-16 10:38:19.451695
4194,user_4,/blog/9/,2023-08-16 10:38:19.500698
4195,user_4,/blog/14/,2023-08-16 10:38:19.547703
4196,user_4,/blog/11/,2023-08-16 10:38:19.593698
4197,user_4,/blog/12/,2023-08-16 10:38:19.642698
4198,user_4,/blog/12/,2023-08-16 10:38:19.688695
4199,user_4,/blog/9/,2023-08-16 10:38:19.734697
4200,user_4,/blog/9/,2023-08-16 10:38:19.784697
4201,user_4,/blog/10/,2023-08-16 10:38:19.831706
4202,user_4,/blog/12/,2023-08-16 10:38:19.877696
4203,user_4,/blog/12/,2023-08-16 10:38:19.925695
4204,user_4,/blog/7/,2023-08-16 10:38:19.972694
4205,user_4,/blog/1/,2023-08-16 10:38:20.019692
4206,user_4,/blog/6/,2023-08-16 10:38:20.066699
4207,user_4,/blog/7/,2023-08-16 10:38:20.112706
4208,user_4,/blog/1/,2023-08-16 10:38:20.160693
4209,user_4,/blog/9/,2023-08-16 10:38:20.206696
4210,user_4,/blog/11/,2023-08-16 10:38:20.251694
4211,user_4,/blog/9/,2023-08-16 10:38:20.303699
4212,user_4,/blog/4/,2023-08-16 10:38:20.350697
4213,user_4,/blog/12/,2023-08-16 10:38:20.392700
4214,user_4,/blog/9/,2023-08-16 10:38:20.438695
4215,user_4,/blog/12/,2023-08-16 10:38:20.484700
4216,user_4,/blog/10/,2023-08-16 10:38:20.534699
4217,user_4,/blog/4/,2023-08-16 10:38:20.581707
4218,user_4,/blog/9/,2023-08-16 10:38:20.626702
4219,user_4,/blog/12/,2023-08-16 10:38:20.676700
4220,user_4,/blog/12/,2023-08-16 10:38:20.722696
4221,user_5,/blog/5/,2023-08-16 10:38:20.764699
4222,user_5,/blog/9/,2023-08-16 10:38:20.811695
4223,user_5,/blog/14/,2023-08-16 10:38:20.863698
4224,user_5,/blog/14/,2023-08-16 10:38:20.917696
4225,user_5,/blog/1/,2023-08-16 10:38:20.973698
4226,user_5,/blog/5/,2023-08-16 10:38:21.023696
4227,user_5,/blog/3/,2023-08-16 10:38:21.085689
4228,user_5,/blog/12/,2023-08-16 10:38:21.122694
4229,user_5,/blog/3/,2023-08-16 10:38:21.174694
4230,user_5,/blog/7/,2023-08-16 10:38:21.225691
4231,user_5,/blog/1/,2023-08-16 10:38:21.277692
4232,user_5,/blog/5/,2023-08-16 10:38:21.340695
4233,user_5,/blog/2/,2023-08-16 10:38:21.396695
4234,user_5,/blog/13/,2023-08-16 10:38:21.449696
4235,user_5,/blog/13/,2023-08-16 10:38:21.500696
4236,user_5,/blog/8/,2023-08-16 10:38:21.549705
4237,user_5,/blog/5/,2023-08-16 10:38:21.599693
4238,user_5,/blog/9/,2023-08-16 10:38:21.648701
4239,user_5,/blog/8/,2023-08-16 10:38:21.702694
4240,user_5,/blog/14/,2023-08-16 10:38:21.748695
4241,user_5,/blog/2/,2023-08-16 10:38:21.792691
4242,user_5,/blog/8/,2023-08-16 10:38:21.835696
4243,user_5,/blog/9/,2023-08-16 10:38:21.879701
4244,user_5,/blog/9/,2023-08-16 10:38:21.934694
4245,user_5,/blog/8/,2023-08-16 10:38:21.985693
4246,user_5,/blog/9/,2023-08-16 10:38:22.037698
4247,user_5,/blog/14/,2023-08-16 10:38:22.089702
4248,user_5,/blog/1/,2023-08-16 10:38:22.138697
4249,user_5,/blog/10/,2023-08-16 10:38:22.188698
4250,user_5,/blog/14/,2023-08-16 10:38:22.240696
4251,user_5,/blog/1/,2023-08-16 10:38:22.287698
4252,user_5,/blog/14/,2023-08-16 10:38:22.335692
4253,user_5,/blog/7/,2023-08-16 10:38:22.384690
4254,user_5,/blog/1/,2023-08-16 10:38:22.433697
4255,user_5,/blog/1/,2023-08-16 10:38:22.480695
4256,user_5,/blog/4/,2023-08-16 10:38:22.530697
4257,user_5,/blog/11/,2023-08-16 10:38:22.572699
4258,user_5,/blog/12/,2023-08-16 10:38:22.619701
4259,user_5,/blog/10/,2023-08-16 10:38:22.668697
4260,user_5,/blog/3/,2023-08-16 10:38:22.715697
4261,user_5,/blog/6/,2023-08-16 10:38:22.759695
4262,user_5,/blog/4/,2023-08-16 10:38:22.804696
4263,user_5,/blog/5/,2023-08-16 10:38:22.854693
4264,user_5,/blog/9/,2023-08-16 10:38:22.900699
4265,user_5,/blog/6/,2023-08-16 10:38:22.949694
4266,user_5,/blog/12/,2023-08-16 10:38:22.991692
4267,user_5,/blog/1/,2023-08-16 10:38:23.031695
4268,user_5,/blog/14/,2023-08-16 10:38:23.070696
4269,user_5,/blog/9/,2023-08-16 10:38:23.111695
4270,user_5,/blog/12/,2023-08-16 10:38:23.160691
4271,user_5,/blog/13/,2023-08-16 10:38:23.204693
4272,user_5,/blog/10/,2023-08-16 10:38:23.254696
4273,user_5,/blog/3/,2023-08-16 10:38:23.304700
4274,user_5,/blog/1/,2023-08-16 10:38:23.355695
4275,user_5,/blog/4/,2023-08-16 10:38:23.404696
4276,user_5,/blog/10/,2023-08-16 10:38:23.457696
4277,user_5,/blog/13/,2023-08-16 10:38:23.511693
4278,user_5,/blog/8/,2023-08-16 10:38:23.562695
4279,user_5,/blog/2/,2023-08-16 10:38:23.613696
4280,user_5,/blog/1/,2023-08-16 10:38:23.664707
4281,user_5,/blog/6/,2023-08-16 10:38:23.716703
4282,user_5,/blog/5/,2023-08-16 10:38:23.772699
4283,user_5,/blog/5/,2023-08-16 10:38:23.825699
4284,user_5,/blog/5/,2023-08-16 10:38:23.873689
4285,user_5,/blog/9/,2023-08-16 10:38:23.914695
4286,user_5,/blog/8/,2023-08-16 10:38:23.961689
4287,user_5,/blog/11/,2023-08-16 10:38:24.009692
4288,user_5,/blog/5/,2023-08-16 10:38:24.047697
4289,user_5,/blog/8/,2023-08-16 10:38:24.085702
4290,user_5,/blog/13/,2023-08-16 10:38:24.128694
4291,user_5,/blog/13/,2023-08-16 10:38:24.168696
4292,user_5,/blog/7/,2023-08-16 10:38:24.206695
4293,user_5,/blog/5/,2023-08-16 10:38:24.243694
4294,user_5,/blog/6/,2023-08-16 10:38:24.284698
4295,user_5,/blog/6/,2023-08-16 10:38:24.320695
4296,user_5,/blog/5/,2023-08-16 10:38:24.356445
4297,user_5,/blog/14/,2023-08-16 10:38:24.394444
4298,user_5,/blog/11/,2023-08-16 10:38:24.436448
4299,user_5,/blog/14/,2023-08-16 10:38:24.480450
4300,user_5,/blog/9/,2023-08-16 10:38:24.524449
4301,user_5,/blog/13/,2023-08-16 10:38:24.562449
4302,user_5,/blog/6/,2023-08-16 10:38:24.600448
4303,user_5,/blog/4/,2023-08-16 10:38:24.650448
4304,user_5,/blog/9/,2023-08-16 10:38:24.694449
4305,user_5,/blog/1/,2023-08-16 10:38:24.734444
4306,user_5,/blog/12/,2023-08-16 10:38:24.777454
4307,user_5,/blog/11/,2023-08-16 10:38:24.826448
4308,user_5,/blog/11/,2023-08-16 10:38:24.888445
4309,user_5,/blog/10/,2023-08-16 10:38:24.942442
4310,user_5,/blog/13/,2023-08-16 10:38:24.989448
4311,user_5,/blog/2/,2023-08-16 10:38:25.036452
4312,user_5,/blog/14/,2023-08-16 10:38:25.082453
4313,user_5,/blog/7/,2023-08-16 10:38:25.127452
4314,user_5,/blog/9/,2023-08-16 10:38:25.171447
4315,user_5,/blog/11/,2023-08-16 10:38:25.213448
4316,user_5,/blog/4/,2023-08-16 10:38:25.255446
4317,user_5,/blog/8/,2023-08-16 10:38:25.298453
4318,user_5,/blog/8/,2023-08-16 10:38:25.342445
4319,user_5,/blog/5/,2023-08-16 10:38:25.383447
4320,user_5,/blog/12/,2023-08-16 10:38:25.428450
4321,user_6,/blog/9/,2023-08-16 10:38:25.469446
4322,user_6,/blog/6/,2023-08-16 10:38:25.513449
4323,user_6,/blog/3/,2023-08-16 10:38:25.559449
4324,user_6,/blog/4/,2023-08-16 10:38:25.605448
4325,user_6,/blog/11/,2023-08-16 10:38:25.648447
4326,user_6,/blog/1/,2023-08-16 10:38:25.690446
4327,user_6,/blog/2/,2023-08-16 10:38:25.728446
4328,user_6,/blog/1/,2023-08-16 10:38:25.770447
4329,user_6,/blog/8/,2023-08-16 10:38:25.814450
4330,user_6,/blog/5/,2023-08-16 10:38:25.854446
4331,user_6,/blog/6/,2023-08-16 10:38:25.899446
4332,user_6,/blog/14/,2023-08-16 10:38:25.942449
4333,user_6,/blog/13/,2023-08-16 10:38:25.985450
4334,user_6,/blog/8/,2023-08-16 10:38:26.035449
4335,user_6,/blog/2/,2023-08-16 10:38:26.153978
4336,user_6,/blog/7/,2023-08-16 10:38:26.205982
4337,user_6,/blog/12/,2023-08-16 10:38:26.256982
4338,user_6,/blog/10/,2023-08-16 10:38:26.308978
4339,user_6,/blog/4/,2023-08-16 10:38:26.360978
4340,user_6,/blog/9/,2023-08-16 10:38:26.405979
4341,user_6,/blog/11/,2023-08-16 10:38:26.451980
4342,user_6,/blog/11/,2023-08-16 10:38:26.498978
4343,user_6,/blog/7/,2023-08-16 10:38:26.545989
4344,user_6,/blog/8/,2023-08-16 10:38:26.590981
4345,user_6,/blog/10/,2023-08-16 10:38:26.633977
4346,user_6,/blog/4/,2023-08-16 10:38:26.679986
4347,user_6,/blog/11/,2023-08-16 10:38:26.723982
4348,user_6,/blog/3/,2023-08-16 10:38:26.764983
4349,user_6,/blog/5/,2023-08-16 10:38:26.805986
4350,user_6,/blog/7/,2023-08-16 10:38:26.849980
4351,user_6,/blog/8/,2023-08-16 10:38:26.885988
4352,user_6,/blog/14/,2023-08-16 10:38:26.927988
4353,user_6,/blog/5/,2023-08-16 10:38:26.966980
4354,user_6,/blog/6/,2023-08-16 10:38:27.012983
4355,user_6,/blog/14/,2023-08-16 10:38:27.057985
4356,user_6,/blog/4/,2023-08-16 10:38:27.101985
4357,user_6,/blog/12/,2023-08-16 10:38:27.150980
4358,user_6,/blog/2/,2023-08-16 10:38:27.187982
4359,user_6,/blog/9/,2023-08-16 10:38:27.225989
4360,user_6,/blog/14/,2023-08-16 10:38:27.265983
4361,user_6,/blog/11/,2023-08-16 10:38:27.305980
4362,user_6,/blog/8/,2023-08-16 10:38:27.345978
4363,user_6,/blog/12/,2023-08-16 10:38:27.388989
4364,user_6,/blog/4/,2023-08-16 10:38:27.433977
4365,user_6,/blog/8/,2023-08-16 10:38:27.474980
4366,user_6,/blog/4/,2023-08-16 10:38:27.515986
4367,user_6,/blog/14/,2023-08-16 10:38:27.563978
4368,user_6,/blog/3/,2023-08-16 10:38:27.616983
4369,user_6,/blog/7/,2023-08-16 10:38:27.665990
4370,user_6,/blog/6/,2023-08-16 10:38:27.717981
4371,user_6,/blog/8/,2023-08-16 10:38:27.766989
4372,user_6,/blog/4/,2023-08-16 10:38:27.812986
4373,user_6,/blog/11/,2023-08-16 10:38:27.862984
4374,user_6,/blog/8/,2023-08-16 10:38:27.909984
4375,user_6,/blog/1/,2023-08-16 10:38:27.968987
4376,user_6,/blog/8/,2023-08-16 10:38:28.017986
4377,user_6,/blog/11/,2023-08-16 10:38:28.061982
4378,user_6,/blog/5/,2023-08-16 10:38:28.107980
4379,user_6,/blog/12/,2023-08-16 10:38:28.154979
4380,user_6,/blog/2/,2023-08-16 10:38:28.205977
4381,user_6,/blog/12/,2023-08-16 10:38:28.253986
4382,user_6,/blog/12/,2023-08-16 10:38:28.298983
4383,user_6,/blog/6/,2023-08-16 10:38:28.349978
4384,user_6,/blog/5/,2023-08-16 10:38:28.399979
4385,user_6,/blog/8/,2023-08-16 10:38:28.448981
4386,user_6,/blog/10/,2023-08-16 10:38:28.503990
4387,user_6,/blog/5/,2023-08-16 10:38:28.555982
4388,user_6,/blog/6/,2023-08-16 10:38:28.602979
4389,user_6,/blog/14/,2023-08-16 10:38:28.655985
4390,user_6,/blog/1/,2023-08-16 10:38:28.702983
4391,user_6,/blog/7/,2023-08-16 10:38:28.748981
4392,user_6,/blog/6/,2023-08-16 10:38:28.790980
4393,user_6,/blog/13/,2023-08-16 10:38:28.834977
4394,user_6,/blog/14/,2023-08-16 10:38:28.883979
4395,user_6,/blog/14/,2023-08-16 10:38:28.935973
4396,user_6,/blog/3/,2023-08-16 10:38:28.985974
4397,user_6,/blog/12/,2023-08-16 10:38:29.031990
4398,user_6,/blog/1/,2023-08-16 10:38:29.080981
4399,user_6,/blog/3/,2023-08-16 10:38:29.128981
4400,user_6,/blog/14/,2023-08-16 10:38:29.176985
4401,user_6,/blog/4/,2023-08-16 10:38:29.224987
4402,user_6,/blog/14/,2023-08-16 10:38:29.277976
4403,user_6,/blog/6/,2023-08-16 10:38:29.324980
4404,user_6,/blog/4/,2023-08-16 10:38:29.367981
4405,user_6,/blog/4/,2023-08-16 10:38:29.413982
4406,user_6,/blog/14/,2023-08-16 10:38:29.452990
4407,user_6,/blog/9/,2023-08-16 10:38:29.495977
4408,user_6,/blog/2/,2023-08-16 10:38:29.535980
4409,user_6,/blog/1/,2023-08-16 10:38:29.575979
4410,user_6,/blog/14/,2023-08-16 10:38:29.621984
4411,user_6,/blog/13/,2023-08-16 10:38:29.667978
4412,user_6,/blog/11/,2023-08-16 10:38:29.707984
4413,user_6,/blog/1/,2023-08-16 10:38:29.753986
4414,user_6,/blog/12/,2023-08-16 10:38:29.797983
4415,user_6,/blog/5/,2023-08-16 10:38:29.838981
4416,user_6,/blog/11/,2023-08-16 10:38:29.883984
4417,user_6,/blog/14/,2023-08-16 10:38:29.920983
4418,user_6,/blog/14/,2023-08-16 10:38:29.964985
4419,user_6,/blog/6/,2023-08-16 10:38:30.007988
4420,user_6,/blog/9/,2023-08-16 10:38:30.053981
4421,user_7,/blog/1/,2023-08-16 10:38:30.152980
4422,user_7,/blog/3/,2023-08-16 10:38:30.197979
4423,user_7,/blog/7/,2023-08-16 10:38:30.246074
4424,user_7,/blog/11/,2023-08-16 10:38:30.297080
4425,user_7,/blog/3/,2023-08-16 10:38:30.346076
4426,user_7,/blog/6/,2023-08-16 10:38:30.397078
4427,user_7,/blog/2/,2023-08-16 10:38:30.458084
4428,user_7,/blog/1/,2023-08-16 10:38:30.509079
4429,user_7,/blog/12/,2023-08-16 10:38:30.557075
4430,user_7,/blog/2/,2023-08-16 10:38:30.602076
4431,user_7,/blog/5/,2023-08-16 10:38:30.649079
4432,user_7,/blog/2/,2023-08-16 10:38:30.697073
4433,user_7,/blog/5/,2023-08-16 10:38:30.745087
4434,user_7,/blog/3/,2023-08-16 10:38:30.793079
4435,user_7,/blog/1/,2023-08-16 10:38:30.838076
4436,user_7,/blog/13/,2023-08-16 10:38:30.879073
4437,user_7,/blog/5/,2023-08-16 10:38:30.917093
4438,user_7,/blog/5/,2023-08-16 10:38:30.959079
4439,user_7,/blog/4/,2023-08-16 10:38:31.005079
4440,user_7,/blog/10/,2023-08-16 10:38:31.050075
4441,user_7,/blog/14/,2023-08-16 10:38:31.094077
4442,user_7,/blog/6/,2023-08-16 10:38:31.134076
4443,user_7,/blog/9/,2023-08-16 10:38:31.175073
4444,user_7,/blog/3/,2023-08-16 10:38:31.212077
4445,user_7,/blog/9/,2023-08-16 10:38:31.251077
4446,user_7,/blog/9/,2023-08-16 10:38:31.295083
4447,user_7,/blog/10/,2023-08-16 10:38:31.341076
4448,user_7,/blog/8/,2023-08-16 10:38:31.386077
4449,user_7,/blog/10/,2023-08-16 10:38:31.428082
4450,user_7,/blog/7/,2023-08-16 10:38:31.476076
4451,user_7,/blog/10/,2023-08-16 10:38:31.516081
4452,user_7,/blog/2/,2023-08-16 10:38:31.558076
4453,user_7,/blog/11/,2023-08-16 10:38:31.598077
4454,user_7,/blog/11/,2023-08-16 10:38:31.648078
4455,user_7,/blog/14/,2023-08-16 10:38:31.688078
4456,user_7,/blog/11/,2023-08-16 10:38:31.740076
4457,user_7,/blog/2/,2023-08-16 10:38:31.790082
4458,user_7,/blog/12/,2023-08-16 10:38:31.840079
4459,user_7,/blog/2/,2023-08-16 10:38:31.886078
4460,user_7,/blog/5/,2023-08-16 10:38:31.934074
4461,user_7,/blog/10/,2023-08-16 10:38:31.983077
4462,user_7,/blog/6/,2023-08-16 10:38:32.026072
4463,user_7,/blog/2/,2023-08-16 10:38:32.072077
4464,user_7,/blog/5/,2023-08-16 10:38:32.112074
4465,user_7,/blog/12/,2023-08-16 10:38:32.151082
4466,user_7,/blog/9/,2023-08-16 10:38:32.190073
4467,user_7,/blog/10/,2023-08-16 10:38:32.231093
4468,user_7,/blog/3/,2023-08-16 10:38:32.271076
4469,user_7,/blog/3/,2023-08-16 10:38:32.320075
4470,user_7,/blog/12/,2023-08-16 10:38:32.375074
4471,user_7,/blog/1/,2023-08-16 10:38:32.423079
4472,user_7,/blog/12/,2023-08-16 10:38:32.469080
4473,user_7,/blog/10/,2023-08-16 10:38:32.513074
4474,user_7,/blog/6/,2023-08-16 10:38:32.554077
4475,user_7,/blog/7/,2023-08-16 10:38:32.597076
4476,user_7,/blog/2/,2023-08-16 10:38:32.639075
4477,user_7,/blog/4/,2023-08-16 10:38:32.684082
4478,user_7,/blog/6/,2023-08-16 10:38:32.724078
4479,user_7,/blog/14/,2023-08-16 10:38:32.762081
4480,user_7,/blog/11/,2023-08-16 10:38:32.808076
4481,user_7,/blog/7/,2023-08-16 10:38:32.860083
4482,user_7,/blog/6/,2023-08-16 10:38:32.921084
4483,user_7,/blog/6/,2023-08-16 10:38:32.977080
4484,user_7,/blog/1/,2023-08-16 10:38:33.037091
4485,user_7,/blog/11/,2023-08-16 10:38:33.092073
4486,user_7,/blog/8/,2023-08-16 10:38:33.142081
4487,user_7,/blog/5/,2023-08-16 10:38:33.192079
4488,user_7,/blog/10/,2023-08-16 10:38:33.242078
4489,user_7,/blog/3/,2023-08-16 10:38:33.292079
4490,user_7,/blog/12/,2023-08-16 10:38:33.353088
4491,user_7,/blog/4/,2023-08-16 10:38:33.412083
4492,user_7,/blog/10/,2023-08-16 10:38:33.467080
4493,user_7,/blog/13/,2023-08-16 10:38:33.525076
4494,user_7,/blog/4/,2023-08-16 10:38:33.572077
4495,user_7,/blog/1/,2023-08-16 10:38:33.619081
4496,user_7,/blog/5/,2023-08-16 10:38:33.666076
4497,user_7,/blog/8/,2023-08-16 10:38:33.711081
4498,user_7,/blog/9/,2023-08-16 10:38:33.752801
4499,user_7,/blog/8/,2023-08-16 10:38:33.798986
4500,user_7,/blog/6/,2023-08-16 10:38:33.843988
4501,user_7,/blog/5/,2023-08-16 10:38:33.882995
4502,user_7,/blog/14/,2023-08-16 10:38:33.931544
4503,user_7,/blog/7/,2023-08-16 10:38:33.979546
4504,user_7,/blog/1/,2023-08-16 10:38:34.026544
4505,user_7,/blog/7/,2023-08-16 10:38:34.073097
4506,user_7,/blog/11/,2023-08-16 10:38:34.119103
4507,user_7,/blog/12/,2023-08-16 10:38:34.159099
4508,user_7,/blog/4/,2023-08-16 10:38:34.203099
4509,user_7,/blog/1/,2023-08-16 10:38:34.248102
4510,user_7,/blog/11/,2023-08-16 10:38:34.290099
4511,user_7,/blog/6/,2023-08-16 10:38:34.332406
4512,user_7,/blog/5/,2023-08-16 10:38:34.384394
4513,user_7,/blog/14/,2023-08-16 10:38:34.434520
4514,user_7,/blog/3/,2023-08-16 10:38:34.493943
4515,user_7,/blog/7/,2023-08-16 10:38:34.542936
4516,user_7,/blog/9/,2023-08-16 10:38:34.590939
4517,user_7,/blog/6/,2023-08-16 10:38:34.644936
4518,user_7,/blog/8/,2023-08-16 10:38:34.691937
4519,user_7,/blog/5/,2023-08-16 10:38:34.739507
4520,user_7,/blog/1/,2023-08-16 10:38:34.793969
4521,user_8,/blog/7/,2023-08-16 10:38:34.923573
4522,user_8,/blog/2/,2023-08-16 10:38:34.974581
4523,user_8,/blog/14/,2023-08-16 10:38:35.038575
4524,user_8,/blog/2/,2023-08-16 10:38:35.087712
4525,user_8,/blog/11/,2023-08-16 10:38:35.131330
4526,user_8,/blog/8/,2023-08-16 10:38:35.173028
4527,user_8,/blog/6/,2023-08-16 10:38:36.661023
4528,user_8,/blog/12/,2023-08-16 10:38:36.697021
4529,user_8,/blog/2/,2023-08-16 10:38:36.736023
4530,user_8,/blog/9/,2023-08-16 10:38:36.777027
4531,user_8,/blog/6/,2023-08-16 10:38:36.814035
4532,user_8,/blog/14/,2023-08-16 10:38:36.855027
4533,user_8,/blog/7/,2023-08-16 10:38:36.900031
4534,user_8,/blog/14/,2023-08-16 10:38:36.943030
4535,user_8,/blog/5/,2023-08-16 10:38:36.985022
4536,user_8,/blog/13/,2023-08-16 10:38:37.023021
4537,user_8,/blog/7/,2023-08-16 10:38:37.065022
4538,user_8,/blog/3/,2023-08-16 10:38:37.114021
4539,user_8,/blog/4/,2023-08-16 10:38:37.157031
4540,user_8,/blog/9/,2023-08-16 10:38:37.195025
4541,user_8,/blog/3/,2023-08-16 10:38:37.233028
4542,user_8,/blog/9/,2023-08-16 10:38:37.281030
4543,user_8,/blog/9/,2023-08-16 10:38:37.326023
4544,user_8,/blog/5/,2023-08-16 10:38:37.373032
4545,user_8,/blog/3/,2023-08-16 10:38:37.419024
4546,user_8,/blog/14/,2023-08-16 10:38:37.464027
4547,user_8,/blog/12/,2023-08-16 10:38:37.512024
4548,user_8,/blog/7/,2023-08-16 10:38:37.558027
4549,user_8,/blog/5/,2023-08-16 10:38:37.599025
4550,user_8,/blog/11/,2023-08-16 10:38:37.648020
4551,user_8,/blog/6/,2023-08-16 10:38:37.704025
4552,user_8,/blog/8/,2023-08-16 10:38:37.751022
4553,user_8,/blog/3/,2023-08-16 10:38:37.797026
4554,user_8,/blog/10/,2023-08-16 10:38:37.843025
4555,user_8,/blog/10/,2023-08-16 10:38:37.885025
4556,user_8,/blog/8/,2023-08-16 10:38:37.929024
4557,user_8,/blog/7/,2023-08-16 10:38:37.973026
4558,user_8,/blog/12/,2023-08-16 10:38:38.012024
4559,user_8,/blog/13/,2023-08-16 10:38:38.049025
4560,user_8,/blog/11/,2023-08-16 10:38:38.088022
4561,user_8,/blog/1/,2023-08-16 10:38:38.127026
4562,user_8,/blog/7/,2023-08-16 10:38:38.175022
4563,user_8,/blog/11/,2023-08-16 10:38:38.217023
4564,user_8,/blog/6/,2023-08-16 10:38:38.264025
4565,user_8,/blog/14/,2023-08-16 10:38:38.312021
4566,user_8,/blog/14/,2023-08-16 10:38:38.352019
4567,user_8,/blog/4/,2023-08-16 10:38:38.390030
4568,user_8,/blog/9/,2023-08-16 10:38:38.429022
4569,user_8,/blog/7/,2023-08-16 10:38:38.475029
4570,user_8,/blog/6/,2023-08-16 10:38:38.527022
4571,user_8,/blog/9/,2023-08-16 10:38:38.569023
4572,user_8,/blog/7/,2023-08-16 10:38:38.613019
4573,user_8,/blog/9/,2023-08-16 10:38:38.663025
4574,user_8,/blog/4/,2023-08-16 10:38:38.708030
4575,user_8,/blog/5/,2023-08-16 10:38:38.752026
4576,user_8,/blog/6/,2023-08-16 10:38:38.799029
4577,user_8,/blog/11/,2023-08-16 10:38:38.846024
4578,user_8,/blog/8/,2023-08-16 10:38:38.890022
4579,user_8,/blog/6/,2023-08-16 10:38:38.934033
4580,user_8,/blog/8/,2023-08-16 10:38:38.973023
4581,user_8,/blog/3/,2023-08-16 10:38:39.018019
4582,user_8,/blog/14/,2023-08-16 10:38:39.060021
4583,user_8,/blog/2/,2023-08-16 10:38:39.100023
4584,user_8,/blog/12/,2023-08-16 10:38:39.142024
4585,user_8,/blog/7/,2023-08-16 10:38:39.181028
4586,user_8,/blog/12/,2023-08-16 10:38:39.220026
4587,user_8,/blog/5/,2023-08-16 10:38:39.259024
4588,user_8,/blog/4/,2023-08-16 10:38:39.297021
4589,user_8,/blog/1/,2023-08-16 10:38:39.349027
4590,user_8,/blog/5/,2023-08-16 10:38:39.395019
4591,user_8,/blog/7/,2023-08-16 10:38:39.436028
4592,user_8,/blog/3/,2023-08-16 10:38:39.482027
4593,user_8,/blog/9/,2023-08-16 10:38:39.533027
4594,user_8,/blog/11/,2023-08-16 10:38:39.580022
4595,user_8,/blog/2/,2023-08-16 10:38:39.628019
4596,user_8,/blog/5/,2023-08-16 10:38:39.679022
4597,user_8,/blog/8/,2023-08-16 10:38:39.727025
4598,user_8,/blog/8/,2023-08-16 10:38:39.770022
4599,user_8,/blog/12/,2023-08-16 10:38:39.820026
4600,user_8,/blog/4/,2023-08-16 10:38:39.873023
4601,user_8,/blog/1/,2023-08-16 10:38:39.922025
4602,user_8,/blog/10/,2023-08-16 10:38:39.970023
4603,user_8,/blog/5/,2023-08-16 10:38:40.018024
4604,user_8,/blog/3/,2023-08-16 10:38:40.063026
4605,user_8,/blog/11/,2023-08-16 10:38:40.109030
4606,user_8,/blog/8/,2023-08-16 10:38:40.156024
4607,user_8,/blog/13/,2023-08-16 10:38:40.208024
4608,user_8,/blog/3/,2023-08-16 10:38:40.258026
4609,user_8,/blog/1/,2023-08-16 10:38:40.302043
4610,user_8,/blog/9/,2023-08-16 10:38:40.346025
4611,user_8,/blog/6/,2023-08-16 10:38:40.394026
4612,user_8,/blog/12/,2023-08-16 10:38:40.444027
4613,user_8,/blog/12/,2023-08-16 10:38:40.493023
4614,user_8,/blog/5/,2023-08-16 10:38:40.535024
4615,user_8,/blog/11/,2023-08-16 10:38:40.576022
4616,user_8,/blog/5/,2023-08-16 10:38:40.620024
4617,user_8,/blog/5/,2023-08-16 10:38:40.672022
4618,user_8,/blog/11/,2023-08-16 10:38:40.716025
4619,user_8,/blog/13/,2023-08-16 10:38:40.755024
4620,user_8,/blog/10/,2023-08-16 10:38:40.806028
4621,user_9,/blog/12/,2023-08-16 10:38:40.851023
4622,user_9,/blog/10/,2023-08-16 10:38:40.892026
4623,user_9,/blog/13/,2023-08-16 10:38:40.938030
4624,user_9,/blog/14/,2023-08-16 10:38:40.991024
4625,user_9,/blog/10/,2023-08-16 10:38:41.038599
4626,user_9,/blog/11/,2023-08-16 10:38:41.087550
4627,user_9,/blog/12/,2023-08-16 10:38:41.135553
4628,user_9,/blog/9/,2023-08-16 10:38:41.194555
4629,user_9,/blog/5/,2023-08-16 10:38:41.240555
4630,user_9,/blog/7/,2023-08-16 10:38:41.291556
4631,user_9,/blog/11/,2023-08-16 10:38:41.337551
4632,user_9,/blog/5/,2023-08-16 10:38:41.386555
4633,user_9,/blog/1/,2023-08-16 10:38:41.439551
4634,user_9,/blog/9/,2023-08-16 10:38:41.495558
4635,user_9,/blog/13/,2023-08-16 10:38:41.546557
4636,user_9,/blog/10/,2023-08-16 10:38:41.593551
4637,user_9,/blog/14/,2023-08-16 10:38:41.640553
4638,user_9,/blog/7/,2023-08-16 10:38:41.684549
4639,user_9,/blog/13/,2023-08-16 10:38:41.728560
4640,user_9,/blog/7/,2023-08-16 10:38:41.768549
4641,user_9,/blog/13/,2023-08-16 10:38:41.811550
4642,user_9,/blog/12/,2023-08-16 10:38:41.849557
4643,user_9,/blog/6/,2023-08-16 10:38:41.892553
4644,user_9,/blog/1/,2023-08-16 10:38:41.933551
4645,user_9,/blog/7/,2023-08-16 10:38:41.983555
4646,user_9,/blog/1/,2023-08-16 10:38:42.032553
4647,user_9,/blog/10/,2023-08-16 10:38:42.073555
4648,user_9,/blog/3/,2023-08-16 10:38:42.113550
4649,user_9,/blog/12/,2023-08-16 10:38:42.154551
4650,user_9,/blog/1/,2023-08-16 10:38:42.196549
4651,user_9,/blog/7/,2023-08-16 10:38:42.235551
4652,user_9,/blog/11/,2023-08-16 10:38:42.272554
4653,user_9,/blog/14/,2023-08-16 10:38:42.314549
4654,user_9,/blog/10/,2023-08-16 10:38:42.356551
4655,user_9,/blog/14/,2023-08-16 10:38:42.395550
4656,user_9,/blog/3/,2023-08-16 10:38:42.438554
4657,user_9,/blog/5/,2023-08-16 10:38:42.487555
4658,user_9,/blog/7/,2023-08-16 10:38:42.545557
4659,user_9,/blog/5/,2023-08-16 10:38:42.605553
4660,user_9,/blog/6/,2023-08-16 10:38:42.654553
4661,user_9,/blog/9/,2023-08-16 10:38:42.703554
4662,user_9,/blog/7/,2023-08-16 10:38:42.751555
4663,user_9,/blog/7/,2023-08-16 10:38:42.800564
4664,user_9,/blog/4/,2023-08-16 10:38:42.844563
4665,user_9,/blog/13/,2023-08-16 10:38:42.890551
4666,user_9,/blog/7/,2023-08-16 10:38:42.934564
4667,user_9,/blog/4/,2023-08-16 10:38:42.980548
4668,user_9,/blog/9/,2023-08-16 10:38:43.033555
4669,user_9,/blog/14/,2023-08-16 10:38:43.082553
4670,user_9,/blog/11/,2023-08-16 10:38:43.136551
4671,user_9,/blog/13/,2023-08-16 10:38:43.180550
4672,user_9,/blog/10/,2023-08-16 10:38:43.227548
4673,user_9,/blog/10/,2023-08-16 10:38:43.276550
4674,user_9,/blog/4/,2023-08-16 10:38:43.322550
4675,user_9,/blog/14/,2023-08-16 10:38:43.368549
4676,user_9,/blog/1/,2023-08-16 10:38:43.415555
4677,user_9,/blog/14/,2023-08-16 10:38:43.462552
4678,user_9,/blog/12/,2023-08-16 10:38:43.511550
4679,user_9,/blog/8/,2023-08-16 10:38:43.561557
4680,user_9,/blog/1/,2023-08-16 10:38:43.611554
4681,user_9,/blog/10/,2023-08-16 10:38:43.658552
4682,user_9,/blog/4/,2023-08-16 10:38:43.701550
4683,user_9,/blog/13/,2023-08-16 10:38:43.743553
4684,user_9,/blog/6/,2023-08-16 10:38:43.783555
4685,user_9,/blog/5/,2023-08-16 10:38:43.827549
4686,user_9,/blog/1/,2023-08-16 10:38:43.868550
4687,user_9,/blog/13/,2023-08-16 10:38:43.909546
4688,user_9,/blog/11/,2023-08-16 10:38:43.958555
4689,user_9,/blog/7/,2023-08-16 10:38:44.005555
4690,user_9,/blog/9/,2023-08-16 10:38:44.058558
4691,user_9,/blog/11/,2023-08-16 10:38:44.112559
4692,user_9,/blog/6/,2023-08-16 10:38:44.165553
4693,user_9,/blog/14/,2023-08-16 10:38:44.215552
4694,user_9,/blog/11/,2023-08-16 10:38:44.265550
4695,user_9,/blog/5/,2023-08-16 10:38:44.317549
4696,user_9,/blog/4/,2023-08-16 10:38:44.356551
4697,user_9,/blog/3/,2023-08-16 10:38:44.395550
4698,user_9,/blog/12/,2023-08-16 10:38:44.436552
4699,user_9,/blog/1/,2023-08-16 10:38:44.482554
4700,user_9,/blog/7/,2023-08-16 10:38:44.529552
4701,user_9,/blog/6/,2023-08-16 10:38:44.573553
4702,user_9,/blog/1/,2023-08-16 10:38:44.630553
4703,user_9,/blog/4/,2023-08-16 10:38:44.682555
4704,user_9,/blog/2/,2023-08-16 10:38:44.723553
4705,user_9,/blog/2/,2023-08-16 10:38:44.763552
4706,user_9,/blog/10/,2023-08-16 10:38:44.802550
4707,user_9,/blog/2/,2023-08-16 10:38:44.844553
4708,user_9,/blog/10/,2023-08-16 10:38:44.887547
4709,user_9,/blog/13/,2023-08-16 10:38:44.932555
4710,user_9,/blog/7/,2023-08-16 10:38:44.974550
4711,user_9,/blog/4/,2023-08-16 10:38:45.021550
4712,user_9,/blog/10/,2023-08-16 10:38:45.067557
4713,user_9,/blog/6/,2023-08-16 10:38:45.120552
4714,user_9,/blog/11/,2023-08-16 10:38:45.169551
4715,user_9,/blog/14/,2023-08-16 10:38:45.218554
4716,user_9,/blog/6/,2023-08-16 10:38:45.272552
4717,user_9,/blog/12/,2023-08-16 10:38:45.325556
4718,user_9,/blog/10/,2023-08-16 10:38:45.377553
4719,user_9,/blog/10/,2023-08-16 10:38:45.427549
4720,user_9,/blog/4/,2023-08-16 10:38:45.478554
4721,user_10,/blog/2/,2023-08-16 10:38:45.527552
4722,user_10,/blog/1/,2023-08-16 10:38:45.576557
4723,user_10,/blog/5/,2023-08-16 10:38:45.620552
4724,user_10,/blog/8/,2023-08-16 10:38:45.667557
4725,user_10,/blog/7/,2023-08-16 10:38:45.715553
4726,user_10,/blog/11/,2023-08-16 10:38:45.757552
4727,user_10,/blog/1/,2023-08-16 10:38:45.797553
4728,user_10,/blog/12/,2023-08-16 10:38:45.839554
4729,user_10,/blog/7/,2023-08-16 10:38:45.880547
4730,user_10,/blog/12/,2023-08-16 10:38:45.929556
4731,user_10,/blog/4/,2023-08-16 10:38:45.977552
4732,user_10,/blog/11/,2023-08-16 10:38:46.023548
4733,user_10,/blog/7/,2023-08-16 10:38:46.071551
4734,user_10,/blog/14/,2023-08-16 10:38:46.118554
4735,user_10,/blog/4/,2023-08-16 10:38:46.165553
4736,user_10,/blog/9/,2023-08-16 10:38:46.215556
4737,user_10,/blog/5/,2023-08-16 10:38:46.266555
4738,user_10,/blog/9/,2023-08-16 10:38:46.317553
4739,user_10,/blog/6/,2023-08-16 10:38:46.363618
4740,user_10,/blog/8/,2023-08-16 10:38:46.412554
4741,user_10,/blog/13/,2023-08-16 10:38:46.455549
4742,user_10,/blog/9/,2023-08-16 10:38:46.501551
4743,user_10,/blog/5/,2023-08-16 10:38:46.546555
4744,user_10,/blog/11/,2023-08-16 10:38:46.595550
4745,user_10,/blog/3/,2023-08-16 10:38:46.648551
4746,user_10,/blog/8/,2023-08-16 10:38:46.702559
4747,user_10,/blog/1/,2023-08-16 10:38:46.754555
4748,user_10,/blog/9/,2023-08-16 10:38:46.806551
4749,user_10,/blog/14/,2023-08-16 10:38:46.855555
4750,user_10,/blog/1/,2023-08-16 10:38:46.903555
4751,user_10,/blog/5/,2023-08-16 10:38:46.951551
4752,user_10,/blog/11/,2023-08-16 10:38:46.998558
4753,user_10,/blog/14/,2023-08-16 10:38:47.041551
4754,user_10,/blog/12/,2023-08-16 10:38:47.083549
4755,user_10,/blog/8/,2023-08-16 10:38:47.132558
4756,user_10,/blog/9/,2023-08-16 10:38:47.184559
4757,user_10,/blog/10/,2023-08-16 10:38:47.232554
4758,user_10,/blog/13/,2023-08-16 10:38:47.283557
4759,user_10,/blog/12/,2023-08-16 10:38:47.335551
4760,user_10,/blog/4/,2023-08-16 10:38:47.381559
4761,user_10,/blog/12/,2023-08-16 10:38:47.427554
4762,user_10,/blog/14/,2023-08-16 10:38:47.475551
4763,user_10,/blog/2/,2023-08-16 10:38:47.522551
4764,user_10,/blog/7/,2023-08-16 10:38:47.570550
4765,user_10,/blog/4/,2023-08-16 10:38:47.618550
4766,user_10,/blog/9/,2023-08-16 10:38:47.667556
4767,user_10,/blog/2/,2023-08-16 10:38:47.712758
4768,user_10,/blog/11/,2023-08-16 10:38:47.762566
4769,user_10,/blog/14/,2023-08-16 10:38:47.811552
4770,user_10,/blog/11/,2023-08-16 10:38:47.856549
4771,user_10,/blog/9/,2023-08-16 10:38:47.906552
4772,user_10,/blog/11/,2023-08-16 10:38:47.951549
4773,user_10,/blog/8/,2023-08-16 10:38:48.001553
4774,user_10,/blog/11/,2023-08-16 10:38:48.056551
4775,user_10,/blog/13/,2023-08-16 10:38:48.109557
4776,user_10,/blog/13/,2023-08-16 10:38:48.172549
4777,user_10,/blog/3/,2023-08-16 10:38:48.222553
4778,user_10,/blog/6/,2023-08-16 10:38:48.303557
4779,user_10,/blog/8/,2023-08-16 10:38:48.353548
4780,user_10,/blog/8/,2023-08-16 10:38:48.404550
4781,user_10,/blog/2/,2023-08-16 10:38:48.448554
4782,user_10,/blog/11/,2023-08-16 10:38:48.491550
4783,user_10,/blog/3/,2023-08-16 10:38:48.536558
4784,user_10,/blog/2/,2023-08-16 10:38:48.585553
4785,user_10,/blog/2/,2023-08-16 10:38:48.629551
4786,user_10,/blog/14/,2023-08-16 10:38:48.677552
4787,user_10,/blog/6/,2023-08-16 10:38:48.718551
4788,user_10,/blog/13/,2023-08-16 10:38:48.762556
4789,user_10,/blog/3/,2023-08-16 10:38:48.820556
4790,user_10,/blog/7/,2023-08-16 10:38:48.871549
4791,user_10,/blog/14/,2023-08-16 10:38:48.914551
4792,user_10,/blog/11/,2023-08-16 10:38:48.962552
4793,user_10,/blog/12/,2023-08-16 10:38:49.004560
4794,user_10,/blog/13/,2023-08-16 10:38:49.052552
4795,user_10,/blog/5/,2023-08-16 10:38:49.092551
4796,user_10,/blog/1/,2023-08-16 10:38:49.137566
4797,user_10,/blog/4/,2023-08-16 10:38:49.184553
4798,user_10,/blog/6/,2023-08-16 10:38:49.226551
4799,user_10,/blog/9/,2023-08-16 10:38:49.270553
4800,user_10,/blog/11/,2023-08-16 10:38:49.311550
4801,user_10,/blog/2/,2023-08-16 10:38:49.369558
4802,user_10,/blog/1/,2023-08-16 10:38:49.420552
4803,user_10,/blog/8/,2023-08-16 10:38:49.470552
4804,user_10,/blog/13/,2023-08-16 10:38:49.529548
4805,user_10,/blog/1/,2023-08-16 10:38:49.583554
4806,user_10,/blog/11/,2023-08-16 10:38:49.639556
4807,user_10,/blog/12/,2023-08-16 10:38:49.693551
4808,user_10,/blog/7/,2023-08-16 10:38:49.743550
4809,user_10,/blog/2/,2023-08-16 10:38:49.793552
4810,user_10,/blog/2/,2023-08-16 10:38:49.844553
4811,user_10,/blog/11/,2023-08-16 10:38:49.898551
4812,user_10,/blog/10/,2023-08-16 10:38:49.947550
4813,user_10,/blog/12/,2023-08-16 10:38:49.999552
4814,user_10,/blog/9/,2023-08-16 10:38:50.042550
4815,user_10,/blog/13/,2023-08-16 10:38:50.088552
4816,user_10,/blog/8/,2023-08-16 10:38:50.141297
4817,user_10,/blog/1/,2023-08-16 10:38:50.195299
4818,user_10,/blog/13/,2023-08-16 10:38:50.250299
4819,user_10,/blog/11/,2023-08-16 10:38:50.308293
4820,user_10,/blog/1/,2023-08-16 10:38:50.363296
