[{"model": "auth.permission", "pk": 1, "fields": {"name": "Can add log entry", "content_type": 1, "codename": "add_logentry"}}, {"model": "auth.permission", "pk": 2, "fields": {"name": "Can change log entry", "content_type": 1, "codename": "change_logentry"}}, {"model": "auth.permission", "pk": 3, "fields": {"name": "Can delete log entry", "content_type": 1, "codename": "delete_logentry"}}, {"model": "auth.permission", "pk": 4, "fields": {"name": "Can view log entry", "content_type": 1, "codename": "view_logentry"}}, {"model": "auth.permission", "pk": 5, "fields": {"name": "Can add permission", "content_type": 2, "codename": "add_permission"}}, {"model": "auth.permission", "pk": 6, "fields": {"name": "Can change permission", "content_type": 2, "codename": "change_permission"}}, {"model": "auth.permission", "pk": 7, "fields": {"name": "Can delete permission", "content_type": 2, "codename": "delete_permission"}}, {"model": "auth.permission", "pk": 8, "fields": {"name": "Can view permission", "content_type": 2, "codename": "view_permission"}}, {"model": "auth.permission", "pk": 9, "fields": {"name": "Can add group", "content_type": 3, "codename": "add_group"}}, {"model": "auth.permission", "pk": 10, "fields": {"name": "Can change group", "content_type": 3, "codename": "change_group"}}, {"model": "auth.permission", "pk": 11, "fields": {"name": "Can delete group", "content_type": 3, "codename": "delete_group"}}, {"model": "auth.permission", "pk": 12, "fields": {"name": "Can view group", "content_type": 3, "codename": "view_group"}}, {"model": "auth.permission", "pk": 13, "fields": {"name": "Can add content type", "content_type": 4, "codename": "add_contenttype"}}, {"model": "auth.permission", "pk": 14, "fields": {"name": "Can change content type", "content_type": 4, "codename": "change_contenttype"}}, {"model": "auth.permission", "pk": 15, "fields": {"name": "Can delete content type", "content_type": 4, "codename": "delete_contenttype"}}, {"model": "auth.permission", "pk": 16, "fields": {"name": "Can view content type", "content_type": 4, "codename": "view_contenttype"}}, {"model": "auth.permission", "pk": 17, "fields": {"name": "Can add user", "content_type": 5, "codename": "add_customuser"}}, {"model": "auth.permission", "pk": 18, "fields": {"name": "Can change user", "content_type": 5, "codename": "change_customuser"}}, {"model": "auth.permission", "pk": 19, "fields": {"name": "Can delete user", "content_type": 5, "codename": "delete_customuser"}}, {"model": "auth.permission", "pk": 20, "fields": {"name": "Can view user", "content_type": 5, "codename": "view_customuser"}}, {"model": "auth.permission", "pk": 21, "fields": {"name": "Can add author", "content_type": 6, "codename": "add_author"}}, {"model": "auth.permission", "pk": 22, "fields": {"name": "Can change author", "content_type": 6, "codename": "change_author"}}, {"model": "auth.permission", "pk": 23, "fields": {"name": "Can delete author", "content_type": 6, "codename": "delete_author"}}, {"model": "auth.permission", "pk": 24, "fields": {"name": "Can view author", "content_type": 6, "codename": "view_author"}}, {"model": "auth.permission", "pk": 25, "fields": {"name": "Can add blog post", "content_type": 7, "codename": "add_blogpost"}}, {"model": "auth.permission", "pk": 26, "fields": {"name": "Can change blog post", "content_type": 7, "codename": "change_blogpost"}}, {"model": "auth.permission", "pk": 27, "fields": {"name": "Can delete blog post", "content_type": 7, "codename": "delete_blogpost"}}, {"model": "auth.permission", "pk": 28, "fields": {"name": "Can view blog post", "content_type": 7, "codename": "view_blogpost"}}, {"model": "auth.permission", "pk": 29, "fields": {"name": "Can add category", "content_type": 8, "codename": "add_category"}}, {"model": "auth.permission", "pk": 30, "fields": {"name": "Can change category", "content_type": 8, "codename": "change_category"}}, {"model": "auth.permission", "pk": 31, "fields": {"name": "Can delete category", "content_type": 8, "codename": "delete_category"}}, {"model": "auth.permission", "pk": 32, "fields": {"name": "Can view category", "content_type": 8, "codename": "view_category"}}, {"model": "auth.permission", "pk": 33, "fields": {"name": "Can add items", "content_type": 9, "codename": "add_items"}}, {"model": "auth.permission", "pk": 34, "fields": {"name": "Can change items", "content_type": 9, "codename": "change_items"}}, {"model": "auth.permission", "pk": 35, "fields": {"name": "Can delete items", "content_type": 9, "codename": "delete_items"}}, {"model": "auth.permission", "pk": 36, "fields": {"name": "Can view items", "content_type": 9, "codename": "view_items"}}, {"model": "auth.permission", "pk": 37, "fields": {"name": "Can add vote", "content_type": 10, "codename": "add_vote"}}, {"model": "auth.permission", "pk": 38, "fields": {"name": "Can change vote", "content_type": 10, "codename": "change_vote"}}, {"model": "auth.permission", "pk": 39, "fields": {"name": "Can delete vote", "content_type": 10, "codename": "delete_vote"}}, {"model": "auth.permission", "pk": 40, "fields": {"name": "Can view vote", "content_type": 10, "codename": "view_vote"}}, {"model": "auth.permission", "pk": 41, "fields": {"name": "Can add comment", "content_type": 11, "codename": "add_comment"}}, {"model": "auth.permission", "pk": 42, "fields": {"name": "Can change comment", "content_type": 11, "codename": "change_comment"}}, {"model": "auth.permission", "pk": 43, "fields": {"name": "Can delete comment", "content_type": 11, "codename": "delete_comment"}}, {"model": "auth.permission", "pk": 44, "fields": {"name": "Can view comment", "content_type": 11, "codename": "view_comment"}}, {"model": "auth.permission", "pk": 45, "fields": {"name": "Can add book", "content_type": 12, "codename": "add_book"}}, {"model": "auth.permission", "pk": 46, "fields": {"name": "Can change book", "content_type": 12, "codename": "change_book"}}, {"model": "auth.permission", "pk": 47, "fields": {"name": "Can delete book", "content_type": 12, "codename": "delete_book"}}, {"model": "auth.permission", "pk": 48, "fields": {"name": "Can view book", "content_type": 12, "codename": "view_book"}}, {"model": "auth.permission", "pk": 49, "fields": {"name": "Can add user following", "content_type": 13, "codename": "add_userfollowing"}}, {"model": "auth.permission", "pk": 50, "fields": {"name": "Can change user following", "content_type": 13, "codename": "change_userfollowing"}}, {"model": "auth.permission", "pk": 51, "fields": {"name": "Can delete user following", "content_type": 13, "codename": "delete_userfollowing"}}, {"model": "auth.permission", "pk": 52, "fields": {"name": "Can view user following", "content_type": 13, "codename": "view_userfollowing"}}, {"model": "auth.permission", "pk": 53, "fields": {"name": "Can add session", "content_type": 14, "codename": "add_session"}}, {"model": "auth.permission", "pk": 54, "fields": {"name": "Can change session", "content_type": 14, "codename": "change_session"}}, {"model": "auth.permission", "pk": 55, "fields": {"name": "Can delete session", "content_type": 14, "codename": "delete_session"}}, {"model": "auth.permission", "pk": 56, "fields": {"name": "Can view session", "content_type": 14, "codename": "view_session"}}, {"model": "auth.permission", "pk": 57, "fields": {"name": "Can add user interaction", "content_type": 15, "codename": "add_userinteraction"}}, {"model": "auth.permission", "pk": 58, "fields": {"name": "Can change user interaction", "content_type": 15, "codename": "change_userinteraction"}}, {"model": "auth.permission", "pk": 59, "fields": {"name": "Can delete user interaction", "content_type": 15, "codename": "delete_userinteraction"}}, {"model": "auth.permission", "pk": 60, "fields": {"name": "Can view user interaction", "content_type": 15, "codename": "view_userinteraction"}}, {"model": "contenttypes.contenttype", "pk": 1, "fields": {"app_label": "admin", "model": "logentry"}}, {"model": "contenttypes.contenttype", "pk": 2, "fields": {"app_label": "auth", "model": "permission"}}, {"model": "contenttypes.contenttype", "pk": 3, "fields": {"app_label": "auth", "model": "group"}}, {"model": "contenttypes.contenttype", "pk": 4, "fields": {"app_label": "contenttypes", "model": "contenttype"}}, {"model": "contenttypes.contenttype", "pk": 5, "fields": {"app_label": "base", "model": "customuser"}}, {"model": "contenttypes.contenttype", "pk": 6, "fields": {"app_label": "base", "model": "author"}}, {"model": "contenttypes.contenttype", "pk": 7, "fields": {"app_label": "base", "model": "blogpost"}}, {"model": "contenttypes.contenttype", "pk": 8, "fields": {"app_label": "base", "model": "category"}}, {"model": "contenttypes.contenttype", "pk": 9, "fields": {"app_label": "base", "model": "items"}}, {"model": "contenttypes.contenttype", "pk": 10, "fields": {"app_label": "base", "model": "vote"}}, {"model": "contenttypes.contenttype", "pk": 11, "fields": {"app_label": "base", "model": "comment"}}, {"model": "contenttypes.contenttype", "pk": 12, "fields": {"app_label": "base", "model": "book"}}, {"model": "contenttypes.contenttype", "pk": 13, "fields": {"app_label": "base", "model": "userfollowing"}}, {"model": "contenttypes.contenttype", "pk": 14, "fields": {"app_label": "sessions", "model": "session"}}, {"model": "contenttypes.contenttype", "pk": 15, "fields": {"app_label": "base", "model": "userinteraction"}}, {"model": "sessions.session", "pk": "x5q6epr3w5ky8mff0axm5zcpiisvrn1v", "fields": {"session_data": ".eJxVjMsOwiAQRf-FtSFAebp07zcQmBmkaiAp7cr479qkC93ec859sZi2tcZt0BJnZGcm2el3ywke1HaA99RunUNv6zJnviv8oINfO9Lzcrh_BzWN-q11yDloZ6SDAKJYhaUYVBItasTJ2OIwUaAiJ2HACSDhPaCnpFUIWbH3B_UgOHc:1qayXo:3JG2Ksayg4hLh4rkCxsUcMHacCEDEX4THilg-UBWXdU", "expire_date": "2023-09-12T13:14:08.121Z"}}, {"model": "base.customuser", "pk": 1, "fields": {"password": "pbkdf2_sha256$260000$UQGGR4Ll6J9kHJVcYBErXt$tlNi5GtP159tVvO0KL8kiOg8O0WBGdqvh4Oxeki/NPU=", "last_login": "2023-08-29T13:14:08.105Z", "is_superuser": true, "username": "admin", "first_name": "", "last_name": "", "is_staff": true, "is_active": true, "date_joined": "2023-08-29T11:56:51.204Z", "email": "sda@c.com", "status": "author", "bio": "", "profile_picture": "profile_pictures/profile-icon-9.png", "groups": [], "user_permissions": []}}, {"model": "base.customuser", "pk": 2, "fields": {"password": "pbkdf2_sha256$260000$9SQKj2WXCaG3v7YHUBgDc3$6Kyn4NxeoG4J1uvFCoHNGpHk0HrYcn+jZ4Yhvslhx5o=", "last_login": null, "is_superuser": false, "username": "taskovikj", "first_name": "", "last_name": "", "is_staff": false, "is_active": true, "date_joined": "2023-08-29T13:13:53.926Z", "email": "admin@email.com", "status": "author", "bio": "", "profile_picture": "profile_pictures/profile-icon-9.png", "groups": [], "user_permissions": []}}, {"model": "base.category", "pk": 1, "fields": {"name": "category0", "slug": "category0"}}, {"model": "base.category", "pk": 2, "fields": {"name": "category1", "slug": "category1"}}, {"model": "base.category", "pk": 3, "fields": {"name": "category2", "slug": "category2"}}, {"model": "base.category", "pk": 4, "fields": {"name": "category3", "slug": "category3"}}, {"model": "base.category", "pk": 5, "fields": {"name": "category4", "slug": "category4"}}, {"model": "base.category", "pk": 6, "fields": {"name": "category5", "slug": "category5"}}, {"model": "base.category", "pk": 7, "fields": {"name": "category6", "slug": "category6"}}, {"model": "base.category", "pk": 8, "fields": {"name": "category7", "slug": "category7"}}, {"model": "base.category", "pk": 9, "fields": {"name": "category8", "slug": "category8"}}, {"model": "base.category", "pk": 10, "fields": {"name": "category9", "slug": "category9"}}, {"model": "base.category", "pk": 11, "fields": {"name": "category10", "slug": "category10"}}, {"model": "base.category", "pk": 12, "fields": {"name": "category11", "slug": "category11"}}, {"model": "base.category", "pk": 13, "fields": {"name": "category12", "slug": "category12"}}, {"model": "base.category", "pk": 14, "fields": {"name": "category13", "slug": "category13"}}, {"model": "base.category", "pk": 15, "fields": {"name": "category14", "slug": "category14"}}, {"model": "base.category", "pk": 16, "fields": {"name": "category15", "slug": "category15"}}, {"model": "base.category", "pk": 17, "fields": {"name": "category16", "slug": "category16"}}, {"model": "base.category", "pk": 18, "fields": {"name": "category17", "slug": "category17"}}, {"model": "base.category", "pk": 19, "fields": {"name": "category18", "slug": "category18"}}, {"model": "base.category", "pk": 20, "fields": {"name": "category19", "slug": "category19"}}, {"model": "base.blogpost", "pk": 1, "fields": {"title": "Title 0", "content": "Random content 0", "category": 13, "author": 2, "pub_date": "2023-08-29T13:14:08.453Z", "scheduled_date": null, "draft": false}}, {"model": "base.blogpost", "pk": 2, "fields": {"title": "Title 1", "content": "Random content 1", "category": 5, "author": 2, "pub_date": "2023-08-29T13:14:08.983Z", "scheduled_date": null, "draft": false}}, {"model": "base.blogpost", "pk": 3, "fields": {"title": "Title 2", "content": "Random content 2", "category": 8, "author": 2, "pub_date": "2023-08-29T13:14:09.302Z", "scheduled_date": null, "draft": false}}, {"model": "base.blogpost", "pk": 4, "fields": {"title": "Title 3", "content": "Random content 3", "category": 7, "author": 2, "pub_date": "2023-08-29T13:14:09.594Z", "scheduled_date": null, "draft": false}}, {"model": "base.blogpost", "pk": 5, "fields": {"title": "Title 4", "content": "Random content 4", "category": 16, "author": 2, "pub_date": "2023-08-29T13:14:10.116Z", "scheduled_date": null, "draft": false}}, {"model": "base.blogpost", "pk": 6, "fields": {"title": "Title 5", "content": "Random content 5", "category": 11, "author": 2, "pub_date": "2023-08-29T13:14:10.328Z", "scheduled_date": null, "draft": false}}, {"model": "base.blogpost", "pk": 7, "fields": {"title": "Title 6", "content": "Random content 6", "category": 16, "author": 2, "pub_date": "2023-08-29T13:14:10.610Z", "scheduled_date": null, "draft": false}}, {"model": "base.blogpost", "pk": 8, "fields": {"title": "Title 7", "content": "Random content 7", "category": 12, "author": 2, "pub_date": "2023-08-29T13:14:10.885Z", "scheduled_date": null, "draft": false}}, {"model": "base.blogpost", "pk": 9, "fields": {"title": "Title 8", "content": "Random content 8", "category": 20, "author": 2, "pub_date": "2023-08-29T13:14:11.133Z", "scheduled_date": null, "draft": false}}, {"model": "base.blogpost", "pk": 10, "fields": {"title": "Title 9", "content": "Random content 9", "category": 2, "author": 2, "pub_date": "2023-08-29T13:14:11.391Z", "scheduled_date": null, "draft": false}}, {"model": "base.blogpost", "pk": 11, "fields": {"title": "Title 10", "content": "Random content 10", "category": 5, "author": 2, "pub_date": "2023-08-29T13:14:11.658Z", "scheduled_date": null, "draft": false}}, {"model": "base.blogpost", "pk": 12, "fields": {"title": "Title 11", "content": "Random content 11", "category": 9, "author": 2, "pub_date": "2023-08-29T13:14:11.964Z", "scheduled_date": null, "draft": false}}, {"model": "base.blogpost", "pk": 13, "fields": {"title": "Title 12", "content": "Random content 12", "category": 14, "author": 2, "pub_date": "2023-08-29T13:14:12.251Z", "scheduled_date": null, "draft": false}}, {"model": "base.blogpost", "pk": 14, "fields": {"title": "Title 13", "content": "Random content 13", "category": 19, "author": 2, "pub_date": "2023-08-29T13:14:12.489Z", "scheduled_date": null, "draft": false}}, {"model": "base.blogpost", "pk": 15, "fields": {"title": "Title 14", "content": "Random content 14", "category": 4, "author": 2, "pub_date": "2023-08-29T13:14:12.720Z", "scheduled_date": null, "draft": false}}, {"model": "base.blogpost", "pk": 16, "fields": {"title": "Title 15", "content": "Random content 15", "category": 7, "author": 2, "pub_date": "2023-08-29T13:14:12.988Z", "scheduled_date": null, "draft": false}}, {"model": "base.blogpost", "pk": 17, "fields": {"title": "Title 16", "content": "Random content 16", "category": 20, "author": 2, "pub_date": "2023-08-29T13:14:13.340Z", "scheduled_date": null, "draft": false}}, {"model": "base.blogpost", "pk": 18, "fields": {"title": "Title 17", "content": "Random content 17", "category": 6, "author": 2, "pub_date": "2023-08-29T13:14:13.603Z", "scheduled_date": null, "draft": false}}, {"model": "base.blogpost", "pk": 19, "fields": {"title": "Title 18", "content": "Random content 18", "category": 2, "author": 2, "pub_date": "2023-08-29T13:14:14.067Z", "scheduled_date": null, "draft": false}}, {"model": "base.blogpost", "pk": 20, "fields": {"title": "Title 19", "content": "Random content 19", "category": 11, "author": 2, "pub_date": "2023-08-29T13:14:14.352Z", "scheduled_date": null, "draft": false}}, {"model": "base.blogpost", "pk": 21, "fields": {"title": "Title 20", "content": "Random content 20", "category": 16, "author": 2, "pub_date": "2023-08-29T13:14:14.591Z", "scheduled_date": null, "draft": false}}, {"model": "base.blogpost", "pk": 22, "fields": {"title": "Title 21", "content": "Random content 21", "category": 10, "author": 2, "pub_date": "2023-08-29T13:14:14.859Z", "scheduled_date": null, "draft": false}}, {"model": "base.blogpost", "pk": 23, "fields": {"title": "Title 22", "content": "Random content 22", "category": 11, "author": 2, "pub_date": "2023-08-29T13:14:15.435Z", "scheduled_date": null, "draft": false}}, {"model": "base.blogpost", "pk": 24, "fields": {"title": "Title 23", "content": "Random content 23", "category": 2, "author": 2, "pub_date": "2023-08-29T13:14:15.634Z", "scheduled_date": null, "draft": false}}, {"model": "base.blogpost", "pk": 25, "fields": {"title": "Title 24", "content": "Random content 24", "category": 7, "author": 2, "pub_date": "2023-08-29T13:14:15.809Z", "scheduled_date": null, "draft": false}}, {"model": "base.blogpost", "pk": 26, "fields": {"title": "Title 25", "content": "Random content 25", "category": 7, "author": 2, "pub_date": "2023-08-29T13:14:16.150Z", "scheduled_date": null, "draft": false}}, {"model": "base.blogpost", "pk": 27, "fields": {"title": "Title 26", "content": "Random content 26", "category": 9, "author": 2, "pub_date": "2023-08-29T13:14:16.355Z", "scheduled_date": null, "draft": false}}, {"model": "base.blogpost", "pk": 28, "fields": {"title": "Title 27", "content": "Random content 27", "category": 1, "author": 2, "pub_date": "2023-08-29T13:14:16.559Z", "scheduled_date": null, "draft": false}}, {"model": "base.blogpost", "pk": 29, "fields": {"title": "Title 28", "content": "Random content 28", "category": 4, "author": 2, "pub_date": "2023-08-29T13:14:16.727Z", "scheduled_date": null, "draft": false}}, {"model": "base.blogpost", "pk": 30, "fields": {"title": "Title 29", "content": "Random content 29", "category": 19, "author": 2, "pub_date": "2023-08-29T13:14:16.854Z", "scheduled_date": null, "draft": false}}, {"model": "base.blogpost", "pk": 31, "fields": {"title": "Title 30", "content": "Random content 30", "category": 7, "author": 2, "pub_date": "2023-08-29T13:14:16.969Z", "scheduled_date": null, "draft": false}}, {"model": "base.blogpost", "pk": 32, "fields": {"title": "Title 31", "content": "Random content 31", "category": 12, "author": 2, "pub_date": "2023-08-29T13:14:17.118Z", "scheduled_date": null, "draft": false}}, {"model": "base.blogpost", "pk": 33, "fields": {"title": "Title 32", "content": "Random content 32", "category": 7, "author": 2, "pub_date": "2023-08-29T13:14:17.313Z", "scheduled_date": null, "draft": false}}, {"model": "base.blogpost", "pk": 34, "fields": {"title": "Title 33", "content": "Random content 33", "category": 13, "author": 2, "pub_date": "2023-08-29T13:14:17.516Z", "scheduled_date": null, "draft": false}}, {"model": "base.blogpost", "pk": 35, "fields": {"title": "Title 34", "content": "Random content 34", "category": 14, "author": 2, "pub_date": "2023-08-29T13:14:17.714Z", "scheduled_date": null, "draft": false}}, {"model": "base.blogpost", "pk": 36, "fields": {"title": "Title 35", "content": "Random content 35", "category": 11, "author": 2, "pub_date": "2023-08-29T13:14:17.894Z", "scheduled_date": null, "draft": false}}, {"model": "base.blogpost", "pk": 37, "fields": {"title": "Title 36", "content": "Random content 36", "category": 18, "author": 2, "pub_date": "2023-08-29T13:14:18.036Z", "scheduled_date": null, "draft": false}}, {"model": "base.blogpost", "pk": 38, "fields": {"title": "Title 37", "content": "Random content 37", "category": 13, "author": 2, "pub_date": "2023-08-29T13:14:18.174Z", "scheduled_date": null, "draft": false}}, {"model": "base.blogpost", "pk": 39, "fields": {"title": "Title 38", "content": "Random content 38", "category": 2, "author": 2, "pub_date": "2023-08-29T13:14:18.246Z", "scheduled_date": null, "draft": false}}, {"model": "base.blogpost", "pk": 40, "fields": {"title": "Title 39", "content": "Random content 39", "category": 5, "author": 2, "pub_date": "2023-08-29T13:14:18.380Z", "scheduled_date": null, "draft": false}}, {"model": "base.blogpost", "pk": 41, "fields": {"title": "Title 40", "content": "Random content 40", "category": 9, "author": 2, "pub_date": "2023-08-29T13:14:18.542Z", "scheduled_date": null, "draft": false}}, {"model": "base.blogpost", "pk": 42, "fields": {"title": "Title 41", "content": "Random content 41", "category": 2, "author": 2, "pub_date": "2023-08-29T13:14:18.701Z", "scheduled_date": null, "draft": false}}, {"model": "base.blogpost", "pk": 43, "fields": {"title": "Title 42", "content": "Random content 42", "category": 4, "author": 2, "pub_date": "2023-08-29T13:14:18.819Z", "scheduled_date": null, "draft": false}}, {"model": "base.blogpost", "pk": 44, "fields": {"title": "Title 43", "content": "Random content 43", "category": 12, "author": 2, "pub_date": "2023-08-29T13:14:19.067Z", "scheduled_date": null, "draft": false}}, {"model": "base.blogpost", "pk": 45, "fields": {"title": "Title 44", "content": "Random content 44", "category": 4, "author": 2, "pub_date": "2023-08-29T13:14:19.302Z", "scheduled_date": null, "draft": false}}, {"model": "base.blogpost", "pk": 46, "fields": {"title": "Title 45", "content": "Random content 45", "category": 15, "author": 2, "pub_date": "2023-08-29T13:14:19.548Z", "scheduled_date": null, "draft": false}}, {"model": "base.blogpost", "pk": 47, "fields": {"title": "Title 46", "content": "Random content 46", "category": 6, "author": 2, "pub_date": "2023-08-29T13:14:19.791Z", "scheduled_date": null, "draft": false}}, {"model": "base.blogpost", "pk": 48, "fields": {"title": "Title 47", "content": "Random content 47", "category": 16, "author": 2, "pub_date": "2023-08-29T13:14:19.970Z", "scheduled_date": null, "draft": false}}, {"model": "base.blogpost", "pk": 49, "fields": {"title": "Title 48", "content": "Random content 48", "category": 9, "author": 2, "pub_date": "2023-08-29T13:14:20.029Z", "scheduled_date": null, "draft": false}}, {"model": "base.blogpost", "pk": 50, "fields": {"title": "Title 49", "content": "Random content 49", "category": 2, "author": 2, "pub_date": "2023-08-29T13:14:20.096Z", "scheduled_date": null, "draft": false}}]